Mr. Schubling Hot Dogs & Baguette Gourmet,-99.1328568,19.4384918
Hot Dog Ramírez,-99.1627821,19.4336135
Hot Dogs Jumbo,-99.0965497,19.4787731
Hot Dog Heavy,-99.15220959999999,19.3868632
Hot Dog Ramírez,-99.1743618,19.4208841
Hot Dogs y Hamburguesas,-99.1096494,19.4451027
Hot Dogs gigantes,-99.1873847,19.3850604
Hot Dog Ramirez Zamora,-99.1799923,19.4126535
Hot Dog Ramirez Del Valle,-99.16712489999999,19.3894091
Hot dog Ramirez,-99.1557607,19.4300275
Mr Hochos,-99.1339617,19.4894059
Hot Dogs El Galán,-99.2605717,19.4062175
Hamburgesas y Hot Dogs El Güero,-99.16425389999999,19.4262823
Tortas,hamburguesas,hotdogs.Restaurante de perros,-99.03823679999999,19.4078086
Hot Dogs "Don Hocho",-99.1433994,19.5159163
Ciudad Comida,-99.1571316,19.4234476
Hot Dogs Estilo norteño,-99.2448776,19.3533948
Cowboy Hot Dog,-99.1592659,19.3896025
Hamburguesas Y Hot Dogs,-99.1472185,19.4350187
Le Jocho Gourmrt Hot Dogs,-99.02443269999999,19.4257997
